{
    "xs": {
        "lumi": 41480.0,
        "DY": 6077.22,
        "WJets": 61526.7,
        "WWdps": 118.7,
        "WZ": 65.5443,
        "ZZ": 15.8274,
        "WWW": 0.2086,
        "WWZ": 0.1707,
        "WZZ": 0.05709,
        "ZZZ": 0.01476,
        "TTTo2L": 88.3419,
        "TTTo1L": 365.4574,
        "ttH": 0.5269,
        "ttWtoLNu": 0.1792,
        "ttWtoQQ": 0.3708,
        "ttZ": 0.2589,
        "ttZtoQQ": 0.6012,
        "ttWW": 0.007003,
        "ttWZ": 0.002453,
        "ttZZ": 0.001386,
        "tzq": 0.07561,
        "tW": 35.85,
        "tbarW": 35.85,
        "tsch": 3.36,
        "t_tch": 136.02,
        "tbar_tch": 80.95
    },
    "NumberOfEvents": {
        "DY": 100781287.0,
        "WJets": 78307186.0,
        "WWdps": 500000.0,
        "WZ_ew": 943940.0,
        "WZ_qcd": 6826898.0,
        "ZZ": 28459096.0,
        "WWW": 9087470.0,
        "WWZ": 161398.0,
        "WZZ": 270316.0,
        "ZZZ": 6537306.0,
        "tsch": 12065418.0,
        "t_tch": 5441886.0,
        "tbar_tch": 3675084.0,
        "tW": 10041489.0,
        "tbarW": 2918132.0,
        "ttWtoLNu": 3871055.0,
        "ttWtoQQ": 359006.0,
        "ttZ": 6911466.0,
        "ttZtoQQ": 2918824.0,
        "ttH": 4965389.0,
        "ttWW": 698000.0,
        "ttWZ": 350000.0,
        "ttZZ": 327000.0,
        "tzq": 2578040.0,
        "TTTo2L": 105859990.0,
        "TTTo1L": 340877010.0
    }
}