{"xs": {"lumi": 41480.0, "DY": 6077.22, "WJet": 61526.7, "WW": 118.7, "WZ": 65.5443, "ZZ": 15.8274, "WWW": 0.2086, "WWZ": 0.1707, "WZZ": 0.05709, "ZZZ": 0.01476, "TTTo2L": 88.3419, "TTTo1L": 365.4574, "TTH": 0.5269, "TTWtoLNu": 0.1792, "TTWtoQQ": 0.3708, "TTZ": 0.2589, "TTZtoQQ": 0.6012, "TTWW": 0.007003, "TTWZ": 0.002453, "TTZZ": 0.001386, "tZq": 0.07561, "tW": 35.85, "tbarW": 35.85, "t_sch": 3.36, "t_tch": 136.02, "tbar_tch": 80.95}, "NumberOfEvents": {"DY": 102486448.0, "WJets": 81254459.0, "WW": 15883000.0, "WZ": 7898000.0, "ZZ": 2708000.0, "WWW": 8786426.0, "WWZ": 9183422.0, "WZZ": 268438.0, "ZZZ": 8338438.0, "tsch": 12919154.0, "t_tch": 5441886.0, "tbar_tch": 3675084.0, "tW": 10041489.0, "tbarW": 2918132.0, "ttWtoLNu": 4047173.0, "ttWtoQQ": 377735.0, "ttZ": 6990534.0, "ttZtoQQ": 2518038.0, "ttH": 48946.0, "ttWW": 701000.0, "ttWZ": 358000.0, "ttZZ": 336000.0, "tzq": 2640334.0, "TTTo2L": 89975432.0, "TTTo1L": 344420294.0}}